shfkasdjh,https://www.youtube.com/watch?v=TkroHwQYpFE
,https://www.youtube.com/watch?v=m5wMhbjCdmc
,https://www.youtube.com/watch?v=UC_qla6FQwM
,https://www.youtube.com/watch?v=6IWb3rsjYkM
sadfjkkf,https://www.youtube.com/watch?v=PqJNc9KVIZE
,https://www.youtube.com/watch?v=xI9CRInOtDI
,https://www.youtube.com/watch?v=f7fMt5uPfQU
,https://www.youtube.com/watch?v=vWIwYODVbQw
,https://www.youtube.com/watch?v=pUbLBWEbJwo
,https://www.youtube.com/watch?v=Ja4EZc3Y8ZM
,https://www.youtube.com/watch?v=0AiB4ZfKUhI
,https://www.youtube.com/watch?v=0ECZVn9xUjY
